{
    "photo": [
        {
            "artist_id": 1,
            "collection_category_id": 1,
            "title": "Reflections",
            "desc": " <p></p>",
            "file_name": "natural-bridges",
            "loc_city": "Santa Cruz",
            "loc_state": "California",
            "loc_place": "Natural Bridges",
            "loc_waypoint": "",
            "camera": "Nikon D5200",
            "lens_model": "",
            "aperture": "",
            "shutter": "",
            "focal_length": "",
            "iso": "",
            "date_taken": "09-04-2013 20:26:57",
            "orientation": "landscape",
            "available_sizes": "12x18, 16x24, 24x36, 30x45 and TinyViews&tm; Edition",
            "tags": "#landscape #santacruz #california #beaches #ocean",
            "created": "2018-12-01 08:37:45",
            "status": "active",
            "featured": "no"
        },
        {
            "artist_id": 1,
            "collection_category_id": 1,
            "title": "Timeless",
            "desc": " <p></p>",
            "file_name": "oceanside-waves",
            "loc_city": "Oceanside",
            "loc_state": "California",
            "loc_place": "Oceanside Pier",
            "loc_waypoint": "",
            "camera": "Nikon D810",
            "lens_model": "",
            "aperture": "",
            "shutter": "",
            "focal_length": "",
            "iso": "",
            "date_taken": "09-04-2013 20:26:57",
            "orientation": "landscape",
            "available_sizes": "12x18, 16x24, 24x36, 30x45 and TinyViews&tm; Edition",
            "tags": "#landscape #oceanside #california #beaches #ocean #water",
            "created": "2018-12-01 08:37:45",
            "status": "active",
            "featured": "no"
        },
        {
            "artist_id": 1,
            "collection_category_id": 1,
            "title": "Never Ending Story",
            "desc": " <p></p>",
            "file_name": "scripps-pier",
            "loc_city": "La Jolla",
            "loc_state": "California",
            "loc_place": "Scripps Pier",
            "loc_waypoint": "",
            "camera": "Nikon D810",
            "lens_model": "",
            "aperture": "",
            "shutter": "",
            "focal_length": "", 
            "iso": "",
            "date_taken": "09-04-2013 20:26:57",
            "orientation": "portrait",
            "available_sizes": "12x18, 16x24, 24x36, 30x45 and TinyViews&tm; Edition",
            "tags": "#landscape #lajolla #california #beaches #ocean #water #piers",
            "created": "2018-12-01 08:37:45",
            "status": "active",
            "featured": "no"
        },
        {
            "artist_id": 1,
            "collection_category_id": 1,
            "title": "Bonzai Zen",
            "desc": " <p></p>",
            "file_name": "bonsai-rock-tahoe",
            "loc_city": "Lake Tahoe",
            "loc_state": "Nevada",
            "loc_place": "Bonsai Rock",
            "loc_waypoint": "",
            "camera": "Nikon D810",
            "lens_model": "",
            "aperture": "",
            "shutter": "",
            "focal_length": "",
            "iso": "",
            "date_taken": "09-04-2013 20:26:57",
            "orientation": "landscape",
            "available_sizes": "12x18, 16x24, 24x36, 30x45 and TinyViews&tm; Edition",
            "tags": "#landscape #laketahoe #nevada #rocks",
            "created": "2018-12-01 08:37:45",
            "status": "active",
            "featured": "no"
        },
        {
            "artist_id": 1,
            "collection_category_id": 1,
            "title": "Gloaming",
            "desc": " <p></p>",
            "file_name": "gloaming",
            "loc_city": "Pescadero",
            "loc_state": "California",
            "loc_place": "Hwy 1 Pigeon Point Lighthouse",
            "loc_waypoint": "",
            "camera": "Nikon D600",
            "lens_model": "",
            "aperture": "",
            "shutter": "",
            "focal_length": "",
            "iso": "",
            "date_taken": "09-04-2013 20:26:57",
            "orientation": "landscape",
            "available_sizes": "12x18, 16x24, 24x36, 30x45 and TinyViews&tm; Edition",
            "tags": "#landscape #ocean #california #ocean #lighthouse",
            "created": "2018-12-01 08:37:45",
            "status": "active",
            "featured": "no"
        },
        {
            "artist_id": 1,
            "collection_category_id": 1,
            "title": "Sweet & Saltier Dreams",
            "desc": " <p></p>",
            "file_name": "sweet-and-salty-dreams",
            "loc_city": "Pescadero",
            "loc_state": "California",
            "loc_place": "Hwy 1 Pigeon Point Lighthouse",
            "loc_waypoint": "",
            "camera": "Nikon D600",
            "lens_model": "",
            "aperture": "",
            "shutter": "",
            "focal_length": "",
            "iso": "",
            "date_taken": "09-04-2013 20:26:57",
            "orientation": "landscape",
            "available_sizes": "12x18, 16x24, 24x36, 30x45 and TinyViews&tm; Edition",
            "tags": "#landscape #ocean #california #ocean #lighthouse",
            "created": "2018-12-01 08:37:45",
            "status": "active",
            "featured": "no"
        },
        {
            "artist_id": 1,
            "collection_category_id": 1,
            "title": "Elysium",
            "desc": " <p></p>",
            "file_name": "elysium",
            "loc_city": "Truckee",
            "loc_state": "California",
            "loc_place": "Webber Falls",
            "loc_waypoint": "",
            "camera": "Nikon D600",
            "lens_model": "",
            "aperture": "",
            "shutter": "",
            "focal_length": "",
            "iso": "",
            "date_taken": "09-04-2013 20:26:57",
            "orientation": "landscape",
            "available_sizes": "12x18, 16x24, 24x36, 30x45 and TinyViews&tm; Edition",
            "tags": "#landscape #waterfall #california",
            "created": "2018-12-01 08:37:45",
            "status": "active",
            "featured": "no"
        },
        {
            "artist_id": 1,
            "collection_category_id": 1,
            "title": "Diver Down",
            "desc": " <p></p>",
            "file_name": "diver-down",
            "loc_city": "Carmel By The Sea",
            "loc_state": "California",
            "loc_place": "Point Lobos State Park",
            "loc_waypoint": "",
            "camera": "Nikon D600",
            "lens_model": "",
            "aperture": "",
            "shutter": "",
            "focal_length": "",
            "iso": "",
            "date_taken": "09-04-2013 20:26:57",
            "orientation": "landscape",
            "available_sizes": "12x18, 16x24, 24x36, 30x45 and TinyViews&tm; Edition",
            "tags": "#landscape #waterfall #california",
            "created": "2018-12-01 08:37:45",
            "status": "active",
            "featured": "no"
        },
        {
            "artist_id": 1,
            "collection_category_id": 1,
            "title": "Steps In The Sand",
            "desc": " <p></p>",
            "file_name": "steps-in-the-sand",
            "loc_city": "Sonoma County",
            "loc_state": "California",
            "loc_place": "Bodega Dunes",
            "loc_waypoint": "",
            "camera": "Nikon D600",
            "lens_model": "",
            "aperture": "",
            "shutter": "",
            "focal_length": "",
            "iso": "",
            "date_taken": "09-04-2013 20:26:57",
            "orientation": "landscape",
            "available_sizes": "12x18, 16x24, 24x36, 30x45 and TinyViews&tm; Edition",
            "tags": "#landscape #ocean #beach #california",
            "created": "2018-12-01 08:37:45",
            "status": "active",
            "featured": "no"
        },
        {
            "artist_id": 1,
            "collection_category_id": 1,
            "title": "Once Afloat",
            "desc": " <p>Beached on the west shore of Tomales Bay in Inverness, California rests abandoned Point Reyes Boat, \"Once Afloat\". The legends of this vessel floats around from being battered in the rough waters of the Pacific and washing into Tomales Bay to simply running aground and decaying on the shore as fixer-upper-project that has been long forgotten.  The version of the tale you may hear all depends on the creativity of the story teller. </p>",
            "file_name": "once-afloat",
            "loc_city": "Inverness",
            "loc_state": "California",
            "loc_place": "Tamales Bay",
            "loc_waypoint": "",
            "camera": "Nikon D5200",
            "lens_model": "",
            "aperture": "",
            "shutter": "",
            "focal_length": "",
            "iso": "",
            "date_taken": "09-04-2013 20:26:57",
            "orientation": "landscape",
            "available_sizes": "12x18, 16x24, 24x36, 30x45 and TinyViews&tm; Edition",
            "tags": "#landscape #santacruz #california #beaches #ocean",
            "created": "2018-12-01 08:37:45",
            "status": "active",
            "featured": "no"
        }
    ]
}